Kiona,Quail,laoreet@feugiat.net
Iona,Carolyn,Morbi.sit.amet@aarcuSed.com
Mia,Brenda,mauris@cursusnonegestas.net
Freya,Amanda,vel@lacusNullatincidunt.edu
Vera,Cheryl,Donec@ligulaconsectetuer.org
Quemby,Sharon,sit.amet.risus@Morbinonsapien.co.uk
Porter,Hermione,turpis.Nulla.aliquet@pellentesque.com
Macon,Illana,nisi@ultrices.net
Marsden,Kirby,pellentesque.a.facilisis@Donecatarcu.ca
Athena,Maggie,eu.erat@tempuslorem.ca
Ethan,Vaughan,at.velit@Quisqueimperdieterat.org
Marshall,Mason,Quisque@Inatpede.net
Phyllis,Audra,vel.faucibus@velit.org
Colorado,Quincy,Cras.vulputate@dolor.com
Evangeline,Lila,Phasellus.libero@rutrummagnaCras.ca
Nehru,Keefe,lobortis.Class.aptent@parturientmontesnascetur.com
Branden,Lana,ornare.elit.elit@parturient.org
Kathleen,Nero,mauris@non.co.uk
Yeo,Petra,ac.mattis@amet.net
Cecilia,Sylvester,lorem.fringilla@convalliserateget.com
Vernon,Jael,Phasellus.ornare.Fusce@auctor.net
Kyle,Christine,justo.eu@quisdiam.co.uk
Lunea,Vanna,malesuada@eunibh.net
Mollie,Cameron,ligula.Aenean.gravida@dignissim.co.uk
Fritz,Desiree,mattis.velit@auctorvitae.edu
Orlando,Calista,metus.Vivamus@ornarefacilisiseget.edu
Derek,Vernon,est.tempor.bibendum@magnatellus.ca
Ralph,Graiden,et.lacinia@nunc.org
Cedric,Elvis,luctus.ut@elit.com
Heidi,Sarah,Donec.at@ridiculus.ca
Keaton,Lewis,Fusce.diam@loremauctor.net
Jesse,Yoshi,tellus@non.org
Eaton,Cathleen,rhoncus.Proin@lacusQuisque.net
Brenna,Cain,mollis@convallisest.edu
Minerva,Timothy,Nullam.lobortis.quam@quam.org
Davis,Erin,mi@volutpatnuncsit.co.uk
Lillith,Sloane,Aliquam.erat@natoquepenatibuset.com
Chester,Lillith,facilisis.non.bibendum@tellusloremeu.net
Brianna,Halee,scelerisque.lorem@velitAliquamnisl.edu
Knox,Olympia,dapibus@molestiedapibus.edu
Kelly,Leroy,gravida@ultrices.edu
Cynthia,Kenyon,ac.feugiat@pulvinararcu.com
Mariam,Cleo,magna@arcuVestibulumante.edu
Ira,Chanda,malesuada.Integer@fringilla.com
Kenneth,Gary,Sed.congue.elit@veliteget.ca
Aurelia,Rajah,Pellentesque@posuereat.ca
Barbara,Pandora,luctus@non.co.uk
Kylie,Keefe,eget@amagna.co.uk
Merritt,Avye,scelerisque.scelerisque.dui@inceptos.com
Amity,Kennedy,sapien.Aenean@vulputateeu.com
Megan,Tanya,at.pede@Duis.org
Reese,Thaddeus,nec.tempus@enim.ca
Preston,Natalie,cubilia.Curae.Donec@lacus.ca
Kameko,Thor,ultricies@augue.co.uk
Constance,Warren,metus.facilisis@urnaetarcu.net
Lynn,Wanda,sed@urnasuscipit.net
Perry,Seth,est@ante.net
Avye,Iliana,aliquam.enim.nec@orci.ca
Kaden,Benjamin,eu.odio.tristique@non.org
Bevis,Vincent,egestas.Aliquam.nec@aliquamenimnec.net
Xander,Mohammad,Fusce.aliquet.magna@disparturientmontes.co.uk
Hedwig,Hayes,libero.Proin@gravida.net
Harper,Dexter,tempus.eu@Sednunc.com
Hedda,Omar,ligula.Nullam@Integermollis.co.uk
Rajah,Blake,quis@utaliquam.net
Jocelyn,Jacob,aptent@vestibulummassarutrum.co.uk
Orla,Flynn,dui.quis.accumsan@Donecegestas.ca
Veda,Lani,Cum.sociis.natoque@duiCraspellentesque.ca
Leroy,Inga,felis@ante.edu
Tiger,Quinn,scelerisque.neque@egestasligulaNullam.edu
Cecilia,Stephanie,volutpat.Nulla@et.net
Isaac,Amy,luctus.ipsum.leo@eratSednunc.ca
Carissa,Beverly,sagittis.placerat@nibh.co.uk
Mira,Wilma,velit.Cras@faucibusut.ca
Salvador,Rana,arcu@consectetuercursuset.co.uk
Fletcher,Aspen,sed.pede@Morbinon.ca
Uriel,Patrick,Proin.ultrices.Duis@Sed.org
Arsenio,Hollee,euismod@nisi.ca
Brenden,Cailin,Nulla.aliquet@pulvinararcu.ca
Melvin,Callie,dis@Morbiquisurna.ca
Constance,Ramona,adipiscing.enim.mi@seddui.org
Cheyenne,Melanie,dictum@consequatlectussit.net
Ivan,Robin,posuere@egetipsumSuspendisse.com
Rae,Madeson,velit@euligula.org
Shellie,Indigo,pharetra.Quisque.ac@nec.edu
Rajah,Jescie,lorem@Uttinciduntvehicula.org
Barrett,Nehru,risus.odio@Nunccommodoauctor.co.uk
Micah,Silas,Nulla@ornareFuscemollis.edu
Xantha,Uriel,dolor.quam@leoelementum.co.uk
Tanisha,Pearl,Cras@facilisiSedneque.org
Dominic,Dean,ac@enimEtiam.net
Sawyer,Harrison,sed.est.Nunc@ultricies.com
Bernard,Moana,velit@risus.edu
Dante,Chloe,natoque.penatibus.et@egestas.ca
Victoria,Kaden,pede@diam.co.uk
Timothy,Clare,ligula.Aliquam@sodalesMauris.net
Stone,Gannon,odio@vulputatemaurissagittis.edu
Tatum,Julian,odio@atnisi.ca
Morgan,Hector,Nunc@lacus.ca
Katell,Yuli,ante.ipsum.primis@In.net